chr	start	end	major_allele	minor_allele	ref_allele	NORMAL_major_count	NORMAL_minor_count	TUMOR_major_count	TUMOR_minor_count	fisher_group	fisher_normal	brglm_converged	brglm_group	brglm_score	brglm_strand	brglm_position	brglm_group_fdr	filter	Identity
1	37568524	37568524	A	G	a	14	0	7	5	0.0120401337792642	1	TRUE	0.0559533239203086				0.0891174471997679	GLM_FDR	1_37568524_a_A_G_14_0_7_5_1.2E-02
1	39750494	39750494	G	A	G	68	0	51	39	3.06925380431902e-12	1	TRUE	0.00053246724605115	0.0299287653371069	0.244258270191453	0.294131597230745	0.00358665478798971	PASS	1_39750494_G_G_A_68_0_51_39_3.1E-12
1	63018692	63018692	T	A	T	66	0	52	6	0.00906406455875472	1	TRUE	0.0601729474786827				0.0891174471997679	GLM_FDR	1_63018692_T_T_A_66_0_52_6_9.1E-03
1	67724313	67724313	G	A	G	272	0	162	81	7.97144967810649e-31	1	TRUE	6.55792668449162e-05	2.79131101622211e-05	0.671631295880549	0.589704110477048	0.0016883275352296	PASS	1_67724313_G_G_A_272_0_162_81_8.0E-31
1	93300436	93300436	C	G	C	180	0	86	48	5.1042418759173e-21	1	TRUE	0.000160487648179551	0.85414315487591	0.806603480277577	0.369759612977796	0.00297407793252262	PASS	1_93300436_C_C_G_180_0_86_48_5.1E-21
1	108735351	108735351	C	A	C	176	0	129	29	8.43620995823638e-11	1	TRUE	0.00117803841297276		0.0623588174009458	0.422441882506692	0.0057429372632422	PASS	1_108735351_C_C_A_176_0_129_29_8.4E-11
1	142715045	142715045	A	C	A	25	0	18	6	0.00962512664640322	1	TRUE	0.0590777697193553				0.0891174471997679	GLM_FDR	1_142715045_A_A_C_25_0_18_6_9.6E-03
1	144854906	144854906	C	A	C	21	0	26	9	0.0194311977330845	1	TRUE	0.0707382189843657				0.0951307082893194	GLM_FDR	1_144854906_C_C_A_21_0_26_9_1.9E-02
1	145319454	145319454	C	A	C	18	0	19	7	0.0305916133602195	1	TRUE	0.0838870102035005				0.102237293685516	GLM_FDR	1_145319454_C_C_A_18_0_19_7_3.1E-02
1	148344041	148344041	C	T	C	22	0	16	5	0.0211396657794843	1	TRUE	0.0799113839962607				0.0999633623619825	GLM_FDR	1_148344041_C_C_T_22_0_16_5_2.1E-02
1	186644127	186644127	G	A	g	26	0	22	7	0.0109328579916815	1	TRUE	0.0582884964400048				0.0891174471997679	GLM_FDR	1_186644127_g_G_A_26_0_22_7_1.1E-02
1	206769216	206769216	G	A	G	214	0	97	60	1.30701675932846e-26	1	TRUE	7.21507493687862e-05	0.556920053984102	0.656889418750205	0.99791446522443	0.0016883275352296	PASS	1_206769216_G_G_A_214_0_97_60_1.3E-26
1	226027760	226027760	C	T	C	66	0	37	26	2.86756104041256e-10	1	TRUE	0.00108960544711734	0.117128697631665	0.648401377597993	0.157888721413489	0.00561594767872579	PASS	1_226027760_C_C_T_66_0_37_26_2.9E-10
2	32477907	32477907	G	A	g	39	0	27	5	0.0154667747677806	1	TRUE	0.0689101979510576				0.0942024486776678	GLM_FDR	2_32477907_g_G_A_39_0_27_5_1.5E-02
2	62788038	62788038	C	T	C	41	0	29	17	3.84325248178323e-06	1	TRUE	0.0101923396455836	0.324193983779479	0.628316917883526	0.800879153774543	0.0288402934745887	PASS	2_62788038_C_C_T_41_0_29_17_3.8E-06
2	92129496	92129496	T	C	T	22	0	27	7	0.0348701822286728	1	TRUE	0.0991478700193225				0.107920347370052	GLM_FDR	2_92129496_T_T_C_22_0_27_7_3.5E-02
2	113332329	113332329	C	A	C	32	0	29	8	0.00587533243944284	1	TRUE	0.0507685421485304				0.088655513901165	GLM_FDR	2_113332329_C_C_A_32_0_29_8_5.9E-03
2	135966549	135966549	C	A	C	81	0	45	26	1.28612736862283e-10	1	TRUE	0.00093553174900509	0.916035033327017	0.267333921999776	0.737987211411204	0.00547286073167978	PASS	2_135966549_C_C_A_81_0_45_26_1.3E-10
2	201682195	201682195	A	G	A	25	0	14	10	0.000238658840758399	1	TRUE	0.0111799308622296			0.200116113487684	0.029067820241797	PASS	2_201682195_A_A_G_25_0_14_10_2.4E-04
3	11381910	11381910	G	T	T	11	0	10	15	0.000694308127403722	1	TRUE	0.0221407069549045	0.400419226026411	0.798738871464038	0.551381810493377	0.0470993220677059	PASS	3_11381910_T_G_T_11_0_10_15_6.9E-04
3	47722020	47722020	G	A	G	33	0	35	6	0.0302506462779596	1	TRUE	0.0966989893270266				0.107649970155501	GLM_FDR	3_47722020_G_G_A_33_0_35_6_3.0E-02
3	51994399	51994399	A	G	A	36	0	19	6	0.00318953288597508	1	TRUE	0.028512823888366	0.129930267810139	0.13549218747625	0.368536965917411	0.0575172481886004	GLM_FDR	3_51994399_A_A_G_36_0_19_6_3.2E-03
3	102196287	102196287	G	A	G	354	0	262	143	7.72839619208568e-46	1	TRUE	2.40631478398426e-05	0.639576276436672	0.529109241122961	0.984303017302738	0.00140769414863079	PASS	3_102196287_G_G_A_354_0_262_143_7.7E-46
3	178921552	178921552	A	C	A	104	0	58	36	2.87075273832405e-14	1	TRUE	0.000493403467472761	0.385546989868372	0.352011500665636	0.874626999820395	0.00358665478798971	PASS	3_178921552_A_A_C_104_0_58_36_2.9E-14
3	195703817	195703817	T	C	T	21	0	24	7	0.0330982812964366	1	TRUE	0.0908737961290885				0.107396304516196	GLM_FDR	3_195703817_T_T_C_21_0_24_7_3.3E-02
4	17910994	17910994	C	G	C	71	0	38	25	2.74629123564143e-10	1	TRUE	0.000982427011288874	0.639543416712223	0.525241470362764	0.300510716831088	0.00547352192003801	PASS	4_17910994_C_C_G_71_0_38_25_2.7E-10
4	40154589	40154589	T	C	T	45	0	24	17	3.80828025661498e-07	1	TRUE	0.00381387031107422		0.646851830778624	0.72571092267917	0.0128836207794859	PASS	4_40154589_T_T_C_45_0_24_17_3.8E-07
4	143181748	143181748	A	T	t	39	0	44	6	0.0329600631131973	1	TRUE	0.103536849434432				0.111135884255308	GLM_FDR	4_143181748_t_A_T_39_0_44_6_3.3E-02
4	190878941	190878941	T	G	T	17	0	17	9	0.00670468616851875	1	TRUE	0.0545997457399895				0.0891174471997679	GLM_FDR	4_190878941_T_T_G_17_0_17_9_6.7E-03
5	1602635	1602635	C	T	c	59	0	89	11	0.00728560753378957	1	TRUE	0.0628978241981213				0.0891919720533964	GLM_FDR	5_1602635_c_C_T_59_0_89_11_7.3E-03
5	127712676	127712676	T	A	T	61	0	36	29	9.7728699048021e-11	1	TRUE	0.00133482942251506			0.792994171367803	0.00593967757997335	PASS	5_127712676_T_T_A_61_0_36_29_9.8E-11
5	140574045	140574045	C	G	C	22	0	31	10	0.0109881922083495	1	TRUE	0.0721129378653604				0.0958774287528087	GLM_FDR	5_140574045_C_C_G_22_0_31_10_1.1E-02
5	140595229	140595229	C	A	C	305	0	236	58	4.93759382297384e-20	1	TRUE	0.000358391407356139	0.169390329738256	0.933347339450353	0.937100338688503	0.00322552266620525	PASS	5_140595229_C_C_A_305_0_236_58_4.9E-20
7	4166952	4166952	G	T	G	155	0	117	49	1.66983279528712e-16	1	TRUE	0.000521188811118817	0.617562017767887	0.730829283121608	0.269114090597193	0.00358665478798971	PASS	7_4166952_G_G_T_155_0_117_49_1.7E-16
7	5997562	5997562	G	A	G	22	0	24	7	0.0331712717820352	1	TRUE	0.0848749265080136				0.102374911355027	GLM_FDR	7_5997562_G_G_A_22_0_24_7_3.3E-02
7	21721093	21721093	C	T	C	71	0	35	50	6.67041681997716e-18	1	TRUE	0.000203355756069923			0.151462814316215	0.00297407793252262	PASS	7_21721093_C_C_T_71_0_35_50_6.7E-18
7	57659470	57659470	T	C	T	21	0	20	9	0.0064699955939764	1	TRUE	0.0296227195409114	0.806874277768817		0.172471340666616	0.058743359089604	GLM_FDR	7_57659470_T_T_C_21_0_20_9_6.5E-03
7	57659471	57659471	A	G	A	21	0	21	9	0.00680593496588212	1	TRUE	0.0522378252078954				0.0891174471997679	GLM_FDR	7_57659471_A_A_G_21_0_21_9_6.8E-03
7	57659484	57659484	G	A	G	24	0	21	8	0.00567244406949699	1	TRUE	0.0504491022470933				0.088655513901165	GLM_FDR	7_57659484_G_G_A_24_0_21_8_5.7E-03
7	57659513	57659513	G	T	G	27	0	22	6	0.02320653818989	1	TRUE	0.0692428255237558				0.0942024486776678	GLM_FDR	7_57659513_G_G_T_27_0_22_6_2.3E-02
7	61820474	61820474	C	A	C	19	0	27	7	0.0412116586745251	1	TRUE	0.121722226420765				0.123839134706344	GLM_FDR	7_61820474_C_C_A_19_0_27_7_4.1E-02
7	61820477	61820477	C	A	C	18	0	18	7	0.0303072413410653	1	TRUE	0.0781280858977496				0.0999633623619825	GLM_FDR	7_61820477_C_C_A_18_0_18_7_3.0E-02
7	83758349	83758349	A	C	a	38	0	43	12	0.00121854177542453	1	TRUE	0.0328477952510198	0.927707525285209		0.310443137733218	0.0610030483233225	GLM_FDR	7_83758349_a_A_C_38_0_43_12_1.2E-03
7	110762901	110762901	A	T	A	225	0	229	71	1.25088007565602e-19	1	TRUE	0.000481457728743578		0.418601624148536	0.806534761337945	0.00358665478798971	PASS	7_110762901_A_A_T_225_0_229_71_1.3E-19
7	142460764	142460764	G	A	G	109	0	78	10	0.00023467608342901	1	TRUE	0.0142748928963184	0.01635324387026	0.0121307843064953	0.0137738062616758	0.0355353716780692	PASS	7_142460764_G_G_A_109_0_78_10_2.3E-04
7	151711814	151711814	C	A	C	70	0	119	23	7.76676260269791e-05	1	TRUE	0.0327899620024608	0.529811374485214	0.0027899261760363	0.00593024607684693	0.0610030483233225	GLM_FDR	7_151711814_C_C_A_70_0_119_23_7.8E-05
8	3165943	3165943	A	T	A	93	0	19	17	1.21380625281459e-11	1	TRUE	0.000260303830491957		0.632920635516916	0.289610182694792	0.00315973187125284	PASS	8_3165943_A_A_T_93_0_19_17_1.2E-11
8	56705348	56705348	T	G	T	33	0	58	11	0.0148654284111113	1	TRUE	0.0819795580852376				0.100964297852345	GLM_FDR	8_56705348_T_T_G_33_0_58_11_1.5E-02
8	100026324	100026324	C	T	c	56	0	51	8	0.00615055096199554	1	TRUE	0.0781234658771877	0.221280819293532		0.0959835432433685	0.0999633623619825	GLM_FDR	8_100026324_c_C_T_56_0_51_8_6.2E-03
8	103335715	103335715	C	A	C	150	0	159	45	2.03063039300432e-12	1	TRUE	0.00128248427942462	0.321275786877853	0.26390161914235	0.313731329768672	0.00593967757997335	PASS	8_103335715_C_C_A_150_0_159_45_2.0E-12
8	113420684	113420684	C	G	C	172	0	384	66	2.16655362425964e-10	1	TRUE	0.00410270521959612	0.00842186379830334	0.786613086286823	0.487706099757502	0.0129734192079121	PASS	8_113420684_C_C_G_172_0_384_66_2.2E-10
8	124799965	124799965	A	C	A	63	0	149	17	0.00428145058660279	1	TRUE	0.0632729374395889				0.0891919720533964	GLM_FDR	8_124799965_A_A_C_63_0_149_17_4.3E-03
9	2640151	2640151	A	T	A	53	0	42	6	0.00968288918098626	1	TRUE	0.0616966942152239				0.0891174471997679	GLM_FDR	9_2640151_A_A_T_53_0_42_6_9.7E-03
9	69067729	69067729	C	T	C	15	0	12	5	0.0456409899888766	1	TRUE	0.0970207691927399				0.107649970155501	GLM_FDR	9_69067729_C_C_T_15_0_12_5_4.6E-02
10	30973994	30973994	G	A	G	10	0	6	6	0.0151984238671545	1	TRUE	0.0608683776645054				0.0891174471997679	GLM_FDR	10_30973994_G_G_A_10_0_6_6_1.5E-02
10	35456786	35456786	G	C	G	141	0	80	43	4.71037839480798e-17	1	TRUE	0.000297068808408387	0.471772412463591	0.234792729246551	0.101818117985135	0.00315973187125284	PASS	10_35456786_G_G_C_141_0_80_43_4.7E-17
10	43127206	43127206	G	A	G	93	0	64	36	1.30804358195885e-12	1	TRUE	0.00110398971462131			0.150919670998075	0.00561594767872579	PASS	10_43127206_G_G_A_93_0_64_36_1.3E-12
10	43601945	43601945	G	A	G	17	0	7	5	0.00666919287608945	1	TRUE	0.0305051482516503		0.513705701697372	0.823384989714066	0.0594850390907181	GLM_FDR	10_43601945_G_G_A_17_0_7_5_6.7E-03
10	49609776	49609776	C	T	C	78	0	34	26	8.0445496965274e-12	1	TRUE	0.000596523620130985	0.618014410658926	0.171225111262252	0.799573548788036	0.00367332966080659	PASS	10_49609776_C_C_T_78_0_34_26_8.0E-12
10	51632715	51632715	T	A	A	20	0	17	7	0.0110547421948443	1	TRUE	0.061498058495704				0.0891174471997679	GLM_FDR	10_51632715_A_T_A_20_0_17_7_1.1E-02
10	91143442	91143442	T	C	T	162	0	103	53	1.75384854648568e-19	1	TRUE	0.00028195456567434		0.725178915785996	0.0823111797245077	0.00315973187125284	PASS	10_91143442_T_T_C_162_0_103_53_1.8E-19
10	99130462	99130462	C	T	C	43	0	20	11	2.02573958416317e-05	1	TRUE	0.00527245050410753	0.476560187881071	0.918259266964361	0.844376684118172	0.0159242190715258	PASS	10_99130462_C_C_T_43_0_20_11_2.0E-05
10	101993356	101993356	G	A	G	21	0	10	10	0.00016479894528675	1	TRUE	0.0105994240974984	0.484291610744476		0.973084967414001	0.0288402934745887	PASS	10_101993356_G_G_A_21_0_10_10_1.6E-04
10	135491055	135491055	C	T	C	21	0	12	5	0.0123281175912755	1	TRUE	0.0588138055764935				0.0891174471997679	GLM_FDR	10_135491055_C_C_T_21_0_12_5_1.2E-02
11	1213089	1213089	C	T	C	70	0	41	7	0.00139654471974153	1	TRUE	0.0313153983597292	0.522792290855398	0.0998372726566406	0.887208486034044	0.0600639607883331	GLM_FDR	11_1213089_C_C_T_70_0_41_7_1.4E-03
11	36680926	36680926	C	G	C	52	0	61	9	0.00995279291286189	1	TRUE	0.0592179262665246				0.0891174471997679	GLM_FDR	11_36680926_C_C_G_52_0_61_9_1.0E-02
11	89727337	89727337	A	T	A	35	0	42	6	0.0368122320532145	1	TRUE	0.113205779943363				0.116184879415557	GLM_FDR	11_89727337_A_A_T_35_0_42_6_3.7E-02
11	117860316	117860316	C	G	C	52	0	55	17	7.46785120988877e-05	1	TRUE	0.0132138791158906	0.00189222461048119	0.0795851936487793	0.00810241095086199	0.0336092142730261	PASS	11_117860316_C_C_G_52_0_55_17_7.5E-05
12	1553842	1553842	C	T	C	160	0	97	13	5.46375677839889e-06	1	TRUE	0.00607337504220525		0.443371944239954	0.805220182755262	0.0177646219984504	PASS	12_1553842_C_C_T_160_0_97_13_5.5E-06
12	21329823	21329823	T	C	T	229	0	111	69	3.09702445009709e-29	1	TRUE	6.30838631876712e-05		0.851405088579906	0.737184968776046	0.0016883275352296	PASS	12_21329823_T_T_C_229_0_111_69_3.1E-29
12	51386497	51386497	G	A	g	26	0	26	14	0.000402585650867429	1	TRUE	0.0153383573426482	0.0788722965562197		0.0315058693172496	0.037075603942257	PASS	12_51386497_g_G_A_26_0_26_14_4.0E-04
12	52866216	52866216	C	T	C	15	0	12	5	0.0456409899888766	1	TRUE	0.0970207691927394				0.107649970155501	GLM_FDR	12_52866216_C_C_T_15_0_12_5_4.6E-02
12	77054691	77054691	T	A	t	32	0	45	8	0.0223426970454453	1	TRUE	0.095015605057324				0.107649970155501	GLM_FDR	12_77054691_t_T_A_32_0_45_8_2.2E-02
13	28931995	28931995	C	T	c	28	0	30	6	0.0310043560487232	1	TRUE	0.0996187821877407				0.107920347370052	GLM_FDR	13_28931995_c_C_T_28_0_30_6_3.1E-02
13	70514225	70514225	C	T	C	75	0	54	23	3.55260657895423e-08	1	TRUE	0.00144383665578711	0.549551620436685	0.494297932486036	0.251396935567485	0.00593967757997335	PASS	13_70514225_C_C_T_75_0_54_23_3.6E-08
13	103504439	103504439	G	A	G	142	0	100	49	5.83157424124239e-17	1	TRUE	0.000329760096425879	0.0232263778477919	0.994007349241129	0.154278722409233	0.00321516094015232	PASS	13_103504439_G_G_A_142_0_100_49_5.8E-17
14	24592413	24592413	C	A	C	68	0	43	6	0.00447110828878491	1	TRUE	0.0211280484343702	0.224812095091011	0.257181663036636	0.278060342269075	0.0457774382744688	PASS	14_24592413_C_C_A_68_0_43_6_4.5E-03
14	64879148	64879148	A	C	A	81	0	36	18	9.15667740785283e-09	1	TRUE	0.00162300117397901		0.28298708642723	0.297188975294836	0.00632970457851814	PASS	14_64879148_A_A_C_81_0_36_18_9.2E-09
14	106112786	106112786	C	T	C	10	0	5	5	0.0325077399380805	1	TRUE	0.0641399784602578				0.0893378271410734	GLM_FDR	14_106112786_C_C_T_10_0_5_5_1.6E-02
15	52725599	52725599	C	A	C	25	0	22	6	0.0241245990413582	1	TRUE	0.0777645502162793				0.0999633623619825	GLM_FDR	15_52725599_C_C_A_25_0_22_6_2.4E-02
15	78208468	78208468	C	G	C	10	0	7	28	6.09619381449695e-06	1	TRUE	0.00403974297244281		0.101121676559551	0.123955354037919	0.0129734192079121	PASS	15_78208468_C_C_G_10_0_7_28_6.1E-06
15	85055968	85055968	C	T	C	17	0	8	5	0.0090311986863711	1	TRUE	0.0278104420317112		0.0536763843266881	0.613940155576505	0.0570845915387756	GLM_FDR	15_85055968_C_C_T_17_0_8_5_9.0E-03
16	21209008	21209008	T	C	T	82	0	64	32	1.65316489042631e-10	1	TRUE	0.0018139570926396		0.624851570495794	0.442074348654229	0.00684622515609139	PASS	16_21209008_T_T_C_82_0_64_32_1.7E-10
16	68713622	68713622	G	A	g	17	0	15	5	0.0497640497640498	1	TRUE	0.106560763867386				0.111783171155128	GLM_FDR	16_68713622_g_G_A_17_0_15_5_5.0E-02
17	20363706	20363706	C	T	C	117	0	105	29	3.86488815092624e-09	1	TRUE	0.00144222906048378	0.750639186234515	0.00668702453227595	0.0148392436741567	0.00593967757997335	PASS	17_20363706_C_C_T_117_0_105_29_3.9E-09
17	20363713	20363713	C	T	C	111	0	99	28	7.70614412825201e-09	1	TRUE	0.0023503837785745	0.161610804223053	0.00353915028637211	0.0226007026702552	0.00859359069041302	PASS	17_20363713_C_C_T_111_0_99_28_7.7E-09
17	21517820	21517820	C	T	c	10	0	6	7	0.00748907842729352	1	TRUE	0.0348487886310766	0.504751345643427	0.0714201209335699	0.637500305651636	0.0637079417161869	GLM_FDR	17_21517820_c_C_T_10_0_6_7_7.5E-03
17	39240794	39240794	C	A	c	16	0	13	5	0.0464895635673624	1	TRUE	0.0975290327904536				0.107649970155501	GLM_FDR	17_39240794_c_C_A_16_0_13_5_4.6E-02
17	39240795	39240795	A	T	a	13	0	11	5	0.0476190476190476	1	TRUE	0.107006112558755				0.111783171155128	GLM_FDR	17_39240795_a_A_T_13_0_11_5_4.8E-02
17	53488649	53488649	G	A	G	87	0	60	9	0.00047544897996731	1	TRUE	0.0158442751889987	0.030459966962727	0.083728609420904	0.348423734953547	0.037075603942257	PASS	17_53488649_G_G_A_87_0_60_9_4.8E-04
17	53488660	53488660	G	A	G	80	0	62	9	0.00084433365012276	1	TRUE	0.0197213599230838	0.0117402698777825	0.115777719038174	0.513296533765683	0.0435358322830341	PASS	17_53488660_G_G_A_80_0_62_9_8.4E-04
17	53488766	53488766	G	A	G	89	0	48	15	6.1052331748894e-07	1	TRUE	0.00338022546873292		0.633738850931188	0.29983644576905	0.0119844357527804	PASS	17_53488766_G_G_A_89_0_48_15_6.1E-07
17	57262856	57262856	T	C	T	90	0	178	28	4.04149342030915e-05	1	TRUE	0.016458879084989	0.883353537086041	0.92981307659469	0.0479527245384872	0.0377586049596806	PASS	17_57262856_T_T_C_90_0_178_28_4.0E-05
19	8552036	8552036	C	G	C	95	0	49	7	0.000751985535647678	1	TRUE	0.0110735072810627	0.493209044383253	0.879362554059301	0.427460394496555	0.029067820241797	PASS	19_8552036_C_C_G_95_0_49_7_7.5E-04
19	51132905	51132905	G	A	g	11	0	12	7	0.0292248747421161	1	TRUE	0.0970001352745742				0.107649970155501	GLM_FDR	19_51132905_g_G_A_11_0_12_7_2.9E-02
19	54744546	54744546	C	T	C	13	0	14	7	0.0286325269312902	1	TRUE	0.0917980960077876				0.107403772329111	GLM_FDR	19_54744546_C_C_T_13_0_14_7_2.9E-02
20	29449422	29449422	G	C	G	48	0	37	6	0.00914609089735009	1	TRUE	0.0597647089379662				0.0891174471997679	GLM_FDR	20_29449422_G_G_C_48_0_37_6_9.1E-03
20	29637739	29637739	C	T	C	17	0	13	5	0.0454545454545454	1	TRUE	0.0894402141207867				0.106780663797266	GLM_FDR	20_29637739_C_C_T_17_0_13_5_4.5E-02
20	35802258	35802258	A	C	A	42	0	25	7	0.00187035738931001	1	TRUE	0.0265371187563071			0.67862124768724	0.0554436231158559	GLM_FDR	20_35802258_A_A_C_42_0_25_7_1.9E-03
20	35866911	35866911	T	C	T	41	0	19	14	1.79562421904621e-06	1	TRUE	0.00385407459215389		0.805409388589312	0.19373969371001	0.0128836207794859	PASS	20_35866911_T_T_C_41_0_19_14_1.8E-06
20	37210177	37210177	G	T	G	45	0	35	5	0.0200602917237029	1	TRUE	0.0798458613991267				0.0999633623619825	GLM_FDR	20_37210177_G_G_T_45_0_35_5_2.0E-02
20	47569307	47569307	G	A	G	145	0	235	331	4.28950633354637e-47	1	TRUE	1.96728759826931e-05	0.357171596517415	0.926285929515621	0.152411634990466	0.00140769414863079	PASS	20_47569307_G_G_A_145_0_235_331_4.3E-47
20	47569485	47569485	G	A	G	69	0	181	262	1.24298027467288e-24	1	TRUE	0.000191543053284826	0.0439694856313326	0.555039555392379	0.739491941330786	0.00297407793252262	PASS	20_47569485_G_G_A_69_0_181_262_1.2E-24
20	47770461	47770461	A	C	A	13	0	24	21	0.00207538871892385	1	TRUE	0.575766612827269	0.0944861108136123	0.636687007276886	0.0332794640649052	0.575766612827269	GLM_FDR	20_47770461_A_A_C_13_0_24_21_2.1E-03
20	61542268	61542268	C	T	C	86	0	113	23	6.50391547178001e-06	1	TRUE	0.0104338114427161	0.229112365886072	0.460021803404104	0.115274495718562	0.0288402934745887	PASS	20_61542268_C_C_T_86_0_113_23_6.5E-06
20	61542482	61542482	C	T	C	45	0	85	15	0.00565685006767778	1	TRUE	0.0555589108497481				0.0891174471997679	GLM_FDR	20_61542482_C_C_T_45_0_85_15_5.7E-03
22	32790027	32790027	A	C	A	121	0	63	31	2.63448919067908e-13	1	TRUE	0.000551793044306109	0.187195645829565	0.403535654536058	0.0958342080003118	0.00358665478798971	PASS	22_32790027_A_A_C_121_0_63_31_2.6E-13
MT	555	555	A	G	A	54	0	115	106	1.31551735283567e-13	1	TRUE	0.00147222777623271	0.281167287419463	0.293380851626714	0.372289551592945	0.00593967757997335	PASS	MT_555_A_A_G_54_0_115_106_1.3E-13
X	1404937	1404937	G	A	g	42	0	66	24	4.80881114163864e-05	1	TRUE	0.00530807302384194	0.0816830767646036		0.000289269790556307	0.0159242190715258	PASS	X_1404937_g_G_A_42_0_66_24_4.8E-05
X	1404941	1404941	A	G	g	39	0	65	24	0.000104066403344703	1	TRUE	0.0156765332629451			0.000162693990884835	0.037075603942257	PASS	X_1404941_g_A_G_39_0_65_24_1.0E-04
X	1404956	1404956	G	A	g	51	0	74	14	0.00210102523408823	1	TRUE	0.0500938199166593			0.0131914760419732	0.088655513901165	GLM_FDR	X_1404956_g_G_A_51_0_74_14_2.1E-03
X	1404958	1404958	G	C	g	50	0	73	14	0.00208149944146242	1	TRUE	0.0566549924081421			0.00238802818664028	0.0891174471997679	GLM_FDR	X_1404958_g_G_C_50_0_73_14_2.1E-03
X	54186193	54186193	A	T	A	26	0	34	7	0.0374624701118225	1	TRUE	0.105686847561768				0.111783171155128	GLM_FDR	X_54186193_A_A_T_26_0_34_7_3.7E-02
X	65015422	65015422	G	A	G	13	0	6	6	0.00521739130434782	1	TRUE	0.0803124449745842	0.0762479194295449	0.70864176142998	0.898997323875663	0.0999633623619825	GLM_FDR	X_65015422_G_G_A_13_0_6_6_5.2E-03
X	100532460	100532460	A	G	A	43	0	61	7	0.0416983157078832	1	TRUE	0.113087568683972				0.116184879415557	GLM_FDR	X_100532460_A_A_G_43_0_61_7_4.2E-02
X	119346242	119346242	G	A	g	42	0	32	11	0.000470235371867216	1	TRUE	0.0175668557826283		0.480735261502276	0.456976864932402	0.0395254255109137	PASS	X_119346242_g_G_A_42_0_32_11_4.7E-04
Y	59001802	59001802	T	C	T	16	0	31	9	0.0477836417585903	1	TRUE	0.132220749573989				0.133360583622041	GLM_FDR	Y_59001802_T_T_C_16_0_31_9_4.8E-02
